<application>
  <component name="FeatureSuggesterSettings">
    <option name="workingDays">
      <list>
        <option value="1650590612654" />
        <option value="1650765692270" />
        <option value="1650852388694" />
        <option value="1650936274113" />
        <option value="1651022055386" />
        <option value="1651108195487" />
        <option value="1651194857708" />
        <option value="1651713516443" />
        <option value="1651799231353" />
        <option value="1651887099449" />
        <option value="1652059759775" />
        <option value="1652148741120" />
        <option value="1652231679829" />
        <option value="1652318704635" />
        <option value="1652404329614" />
        <option value="1652664046570" />
        <option value="1652749904806" />
        <option value="1652835452607" />
        <option value="1652923627522" />
        <option value="1653009730477" />
        <option value="1653270620992" />
      </list>
    </option>
  </component>
</application>